제약조건 ID,제약조건명,제약 유형,테이블명,대상 컬럼,컬럼 순서,참조 테이블,참조 컬럼,ON DELETE,ON UPDATE,조건식,부분 적용 조건,DB 구현 여부,구현 계층,업무 설명,위반 시 의미,관련 시나리오,객체 상태,최초 도입 버전,최종 변경 Jira,비고
CHK_APP_USER_CONVERSATION_PREFERENCES,chk_app_user_conversation_preferences,CHECK,app_user,conversation_preferences,1,N/A,N/A,N/A,N/A,JSON object CHECK,N/A,Y,PostgreSQL,제한된 대화 선호; `preferred_name` 중복 금지,허용 범위 밖의 값 저장,전체,ACTIVE,0.3.0,S15P11E102-84,정확한 SQL 표현은 Flyway 작성 시 승인
CHK_APP_USER_GUARDIAN_SHARING_CONSENT_STATUS,chk_app_user_guardian_sharing_consent_status,CHECK,app_user,guardian_sharing_consent_status,1,N/A,N/A,N/A,N/A,동의 상태 CHECK,N/A,Y,PostgreSQL,보호자 공유 동의; 관계 권한과 별도,허용 범위 밖의 값 저장,전체,ACTIVE,0.3.0,S15P11E102-84,정확한 SQL 표현은 Flyway 작성 시 승인
CHK_APP_USER_HEALTH_DATA_CONSENT_STATUS,chk_app_user_health_data_consent_status,CHECK,app_user,health_data_consent_status,1,N/A,N/A,N/A,N/A,동의 상태 CHECK,N/A,Y,PostgreSQL,건강·복약정보 저장 동의,허용 범위 밖의 값 저장,전체,ACTIVE,0.3.0,S15P11E102-84,정확한 SQL 표현은 Flyway 작성 시 승인
CHK_APP_USER_ONBOARDING_STATUS,chk_app_user_onboarding_status,CHECK,app_user,onboarding_status,1,N/A,N/A,N/A,N/A,"CHECK `NOT_STARTED, IN_PROGRESS, COMPLETED, DECLINED, CANCELLED, EXPIRED",N/A,Y,PostgreSQL,세션 원본을 같은 트랜잭션에서 반영한 현재 상태 projection,허용 범위 밖의 값 저장,전체,ACTIVE,0.3.0,S15P11E102-84,정확한 SQL 표현은 Flyway 작성 시 승인
CHK_APP_USER_PASSWORD_HASH,chk_app_user_password_hash,CHECK,app_user,password_hash,1,N/A,N/A,N/A,N/A,GUARDIAN이면 필수 CHECK,N/A,Y,PostgreSQL,단방향 비밀번호 해시. 평문 금지,허용 범위 밖의 값 저장,전체,ACTIVE,0.3.0,S15P11E102-84,정확한 SQL 표현은 Flyway 작성 시 승인
CHK_APP_USER_PERSONALIZATION_CONSENT_STATUS,chk_app_user_personalization_consent_status,CHECK,app_user,personalization_consent_status,1,N/A,N/A,N/A,N/A,동의 상태 CHECK,N/A,Y,PostgreSQL,일반 개인화 저장 동의,허용 범위 밖의 값 저장,전체,ACTIVE,0.3.0,S15P11E102-84,정확한 SQL 표현은 Flyway 작성 시 승인
CHK_APP_USER_SCHEDULE_CONSENT_STATUS,chk_app_user_schedule_consent_status,CHECK,app_user,schedule_consent_status,1,N/A,N/A,N/A,N/A,동의 상태 CHECK,N/A,Y,PostgreSQL,일정·알림 생성 동의,허용 범위 밖의 값 저장,전체,ACTIVE,0.3.0,S15P11E102-84,정확한 SQL 표현은 Flyway 작성 시 승인
CHK_APP_USER_STATUS,chk_app_user_status,CHECK,app_user,status,1,N/A,N/A,N/A,N/A,"CHECK `ACTIVE, SUSPENDED, WITHDRAWN",N/A,Y,PostgreSQL,서비스 상태,허용 범위 밖의 값 저장,전체,ACTIVE,0.3.0,S15P11E102-84,정확한 SQL 표현은 Flyway 작성 시 승인
CHK_APP_USER_USER_TYPE,chk_app_user_user_type,CHECK,app_user,user_type,1,N/A,N/A,N/A,N/A,"CHECK `SENIOR, GUARDIAN",N/A,Y,PostgreSQL,사용자 구분,허용 범위 밖의 값 저장,전체,ACTIVE,0.3.0,S15P11E102-84,정확한 SQL 표현은 Flyway 작성 시 승인
CHK_AUDIT_LOG_ACTION_TYPE,chk_audit_log_action_type,CHECK,audit_log,action_type,1,N/A,N/A,N/A,N/A,허용값 CHECK,N/A,Y,PostgreSQL,CREATE/UPDATE/VERIFY/REJECT/DELETE/CHANGE_VISIBILITY/LINK/UNLINK 등,허용 범위 밖의 값 저장,전체,ACTIVE,0.3.0,S15P11E102-84,정확한 SQL 표현은 Flyway 작성 시 승인
CHK_AUDIT_LOG_ACTOR_TYPE,chk_audit_log_actor_type,CHECK,audit_log,actor_type,1,N/A,N/A,N/A,N/A,"CHECK `SENIOR, GUARDIAN, SYSTEM, ROBOT",N/A,Y,PostgreSQL,행위 주체 종류,허용 범위 밖의 값 저장,전체,ACTIVE,0.3.0,S15P11E102-84,정확한 SQL 표현은 Flyway 작성 시 승인
CHK_CARE_RECORD_AI_LATENCY_MS,chk_care_record_ai_latency_ms,CHECK,care_record,ai_latency_ms,1,N/A,N/A,N/A,N/A,CHECK `>=0,N/A,Y,PostgreSQL,AI 처리 지연,허용 범위 밖의 값 저장,전체,ACTIVE,0.3.0,S15P11E102-84,정확한 SQL 표현은 Flyway 작성 시 승인
CHK_CARE_RECORD_ATTEMPT_COUNT,chk_care_record_attempt_count,CHECK,care_record,attempt_count,1,N/A,N/A,N/A,N/A,CHECK `>=0,N/A,Y,PostgreSQL,동일 알림 행의 재시도 횟수,허용 범위 밖의 값 저장,전체,ACTIVE,0.3.0,S15P11E102-84,정확한 SQL 표현은 Flyway 작성 시 승인
CHK_CARE_RECORD_CONFIDENCE,chk_care_record_confidence,CHECK,care_record,confidence,1,N/A,N/A,N/A,N/A,CHECK 0~1,N/A,Y,PostgreSQL,AI/센서 관찰 신뢰도,허용 범위 밖의 값 저장,전체,ACTIVE,0.3.0,S15P11E102-84,정확한 SQL 표현은 Flyway 작성 시 승인
CHK_CARE_RECORD_DETAILS,chk_care_record_details,CHECK,care_record,details,1,N/A,N/A,N/A,N/A,"JSON object CHECK, 서비스 필수 DTO",N/A,Y,PostgreSQL,record_type별 제한 부가정보,허용 범위 밖의 값 저장,전체,ACTIVE,0.3.0,S15P11E102-84,정확한 SQL 표현은 Flyway 작성 시 승인
CHK_CARE_RECORD_RECORD_TYPE,chk_care_record_record_type,CHECK,care_record,record_type,1,N/A,N/A,N/A,N/A,허용값 CHECK,N/A,Y,PostgreSQL,건강·약물·일정·휴식·환경·실행·알림 종류,허용 범위 밖의 값 저장,전체,ACTIVE,0.3.0,S15P11E102-84,정확한 SQL 표현은 Flyway 작성 시 승인
CHK_CARE_RECORD_RECURRENCE,chk_care_record_recurrence,CHECK,care_record,recurrence,1,N/A,N/A,N/A,N/A,JSON object CHECK,N/A,Y,PostgreSQL,반복 규칙; 실행 이력 아님,허용 범위 밖의 값 저장,전체,ACTIVE,0.3.0,S15P11E102-84,정확한 SQL 표현은 Flyway 작성 시 승인
CHK_CARE_RECORD_SCHEMA_VERSION,chk_care_record_schema_version,CHECK,care_record,schema_version,1,N/A,N/A,N/A,N/A,CHECK `>0,N/A,Y,PostgreSQL,details/recurrence 구조 버전,허용 범위 밖의 값 저장,전체,ACTIVE,0.3.0,S15P11E102-84,정확한 SQL 표현은 Flyway 작성 시 승인
CHK_CARE_RECORD_SOURCE_TYPE,chk_care_record_source_type,CHECK,care_record,source_type,1,N/A,N/A,N/A,N/A,"CHECK `USER, GUARDIAN, ROBOT, AI, SYSTEM",N/A,Y,PostgreSQL,정보 출처,허용 범위 밖의 값 저장,전체,ACTIVE,0.3.0,S15P11E102-84,정확한 SQL 표현은 Flyway 작성 시 승인
CHK_CARE_RECORD_VERIFICATION_STATUS,chk_care_record_verification_status,CHECK,care_record,verification_status,1,N/A,N/A,N/A,N/A,"CHECK `UNVERIFIED, USER_CONFIRMED, GUARDIAN_CONFIRMED, DOCUMENT_VERIFIED, REJECTED",N/A,Y,PostgreSQL,사용자 진술 확인과 문서 검증을 구분한 확정 여부,허용 범위 밖의 값 저장,전체,ACTIVE,0.3.0,S15P11E102-84,정확한 SQL 표현은 Flyway 작성 시 승인
CHK_CARE_RELATIONSHIP_PERMISSIONS,chk_care_relationship_permissions,CHECK,care_relationship,permissions,1,N/A,N/A,N/A,N/A,"JSON object CHECK, 서비스 필수 DTO",N/A,Y,PostgreSQL,관계별 최종 유효 권한 스냅샷,허용 범위 밖의 값 저장,전체,ACTIVE,0.3.0,S15P11E102-84,정확한 SQL 표현은 Flyway 작성 시 승인
CHK_CARE_RELATIONSHIP_PRIORITY,chk_care_relationship_priority,CHECK,care_relationship,priority,1,N/A,N/A,N/A,N/A,"CHECK `PRIMARY, SECONDARY",N/A,Y,PostgreSQL,알림·관리 우선순위,허용 범위 밖의 값 저장,전체,ACTIVE,0.3.0,S15P11E102-84,정확한 SQL 표현은 Flyway 작성 시 승인
CHK_CARE_RELATIONSHIP_STATUS,chk_care_relationship_status,CHECK,care_relationship,status,1,N/A,N/A,N/A,N/A,"CHECK `PENDING, ACTIVE, DISCONNECT_REQUESTED, ENDED, REVOKED",N/A,Y,PostgreSQL,연결·해제 요청 상태,허용 범위 밖의 값 저장,전체,ACTIVE,0.3.0,S15P11E102-84,정확한 SQL 표현은 Flyway 작성 시 승인
CHK_CONVERSATION_CONTEXT_TURN_COUNT,chk_conversation_context_turn_count,CHECK,conversation,context_turn_count,1,N/A,N/A,N/A,N/A,CHECK 0~12,N/A,Y,PostgreSQL,현재 프롬프트 문맥에 포함된 턴 수,허용 범위 밖의 값 저장,전체,ACTIVE,0.3.0,S15P11E102-84,정확한 SQL 표현은 Flyway 작성 시 승인
CHK_CONVERSATION_EXECUTION_LOCATION,chk_conversation_execution_location,CHECK,conversation,execution_location,1,N/A,N/A,N/A,N/A,"CHECK `LOCAL, CLOUD",N/A,Y,PostgreSQL,대표 생성 실행 위치,허용 범위 밖의 값 저장,전체,ACTIVE,0.3.0,S15P11E102-84,정확한 SQL 표현은 Flyway 작성 시 승인
CHK_CONVERSATION_GENERATION_LATENCY_MS,chk_conversation_generation_latency_ms,CHECK,conversation,generation_latency_ms,1,N/A,N/A,N/A,N/A,CHECK `>=0,N/A,Y,PostgreSQL,대표 생성 지연,허용 범위 밖의 값 저장,전체,ACTIVE,0.3.0,S15P11E102-84,정확한 SQL 표현은 Flyway 작성 시 승인
CHK_CONVERSATION_MESSAGES,chk_conversation_messages,CHECK,conversation,messages,1,N/A,N/A,N/A,N/A,JSON object CHECK,N/A,Y,PostgreSQL,최근 텍스트 메시지와 논리 messageId,허용 범위 밖의 값 저장,전체,ACTIVE,0.3.0,S15P11E102-84,정확한 SQL 표현은 Flyway 작성 시 승인
CHK_CONVERSATION_MESSAGE_COUNT,chk_conversation_message_count,CHECK,conversation,message_count,1,N/A,N/A,N/A,N/A,CHECK `>=0,N/A,Y,PostgreSQL,세션 누적 메시지 수,허용 범위 밖의 값 저장,전체,ACTIVE,0.3.0,S15P11E102-84,정확한 SQL 표현은 Flyway 작성 시 승인
CHK_CONVERSATION_SCHEMA_VERSION,chk_conversation_schema_version,CHECK,conversation,schema_version,1,N/A,N/A,N/A,N/A,CHECK `>0,N/A,Y,PostgreSQL,messages 구조 버전,허용 범위 밖의 값 저장,전체,ACTIVE,0.3.0,S15P11E102-84,정확한 SQL 표현은 Flyway 작성 시 승인
CHK_CONVERSATION_STATUS,chk_conversation_status,CHECK,conversation,status,1,N/A,N/A,N/A,N/A,"CHECK `OPEN, COMPLETED, FAILED, CANCELLED",N/A,Y,PostgreSQL,대화 상태,허용 범위 밖의 값 저장,전체,ACTIVE,0.3.0,S15P11E102-84,정확한 SQL 표현은 Flyway 작성 시 승인
CHK_MEMORY_CONFIDENCE,chk_memory_confidence,CHECK,memory,confidence,1,N/A,N/A,N/A,N/A,CHECK 0~1,N/A,Y,PostgreSQL,추출 신뢰도,허용 범위 밖의 값 저장,전체,ACTIVE,0.3.0,S15P11E102-84,정확한 SQL 표현은 Flyway 작성 시 승인
CHK_MEMORY_CONTENT,chk_memory_content,CHECK,memory,content,1,N/A,N/A,N/A,N/A,비삭제 상태면 필수 CHECK,N/A,Y,PostgreSQL,자연어 기억 본문,허용 범위 밖의 값 저장,전체,ACTIVE,0.3.0,S15P11E102-84,정확한 SQL 표현은 Flyway 작성 시 승인
CHK_MEMORY_IMPORTANCE,chk_memory_importance,CHECK,memory,importance,1,N/A,N/A,N/A,N/A,CHECK 1~5,N/A,Y,PostgreSQL,검색 가중치,허용 범위 밖의 값 저장,전체,ACTIVE,0.3.0,S15P11E102-84,정확한 SQL 표현은 Flyway 작성 시 승인
CHK_MEMORY_LIFECYCLE_STATUS,chk_memory_lifecycle_status,CHECK,memory,lifecycle_status,1,N/A,N/A,N/A,N/A,CHECK 지정 값,N/A,Y,PostgreSQL,ACTIVE/DISPUTED/SUPERSEDED/EXPIRED/DELETED,허용 범위 밖의 값 저장,전체,ACTIVE,0.3.0,S15P11E102-84,정확한 SQL 표현은 Flyway 작성 시 승인
CHK_MEMORY_MEMORY_TYPE,chk_memory_memory_type,CHECK,memory,memory_type,1,N/A,N/A,N/A,N/A,허용값 CHECK,N/A,Y,PostgreSQL,관계·선호·취미·사건·요약 등,허용 범위 밖의 값 저장,전체,ACTIVE,0.3.0,S15P11E102-84,정확한 SQL 표현은 Flyway 작성 시 승인
CHK_MEMORY_VERIFICATION_STATUS,chk_memory_verification_status,CHECK,memory,verification_status,1,N/A,N/A,N/A,N/A,CHECK 지정 값,N/A,Y,PostgreSQL,확인 여부; 생명주기와 분리,허용 범위 밖의 값 저장,전체,ACTIVE,0.3.0,S15P11E102-84,정확한 SQL 표현은 Flyway 작성 시 승인
CHK_MEMORY_VISIBILITY,chk_memory_visibility,CHECK,memory,visibility,1,N/A,N/A,N/A,N/A,CHECK 지정 값,N/A,Y,PostgreSQL,PRIVATE/PRIMARY/GUARDIANS 공개,허용 범위 밖의 값 저장,전체,ACTIVE,0.3.0,S15P11E102-84,정확한 SQL 표현은 Flyway 작성 시 승인
CHK_ONBOARDING_ANSWER_AI_CONFIDENCE,chk_onboarding_answer_ai_confidence,CHECK,onboarding_answer,ai_confidence,1,N/A,N/A,N/A,N/A,CHECK 0~1,N/A,Y,PostgreSQL,구조화 추출 신뢰도,허용 범위 밖의 값 저장,전체,ACTIVE,0.3.0,S15P11E102-84,정확한 SQL 표현은 Flyway 작성 시 승인
CHK_ONBOARDING_ANSWER_EXTRACTION_JSONB,chk_onboarding_answer_extraction_jsonb,CHECK,onboarding_answer,extraction_jsonb,1,N/A,N/A,N/A,N/A,"JSON object CHECK, schemaVersion 필수",N/A,Y,PostgreSQL,확인 전 원자 사실 후보와 대상 도메인,허용 범위 밖의 값 저장,전체,ACTIVE,0.3.0,S15P11E102-84,정확한 SQL 표현은 Flyway 작성 시 승인
CHK_ONBOARDING_ANSWER_PROCESSING_STATUS,chk_onboarding_answer_processing_status,CHECK,onboarding_answer,processing_status,1,N/A,N/A,N/A,N/A,CHECK 지정 값,N/A,Y,PostgreSQL,캡처·추가질문·확인·처리·건너뜀·거부 단계,허용 범위 밖의 값 저장,전체,ACTIVE,0.3.0,S15P11E102-84,정확한 SQL 표현은 Flyway 작성 시 승인
CHK_ONBOARDING_ANSWER_REVISION,chk_onboarding_answer_revision,CHECK,onboarding_answer,revision,1,N/A,N/A,N/A,N/A,CHECK `>0`; 세션·문항과 UNIQUE,N/A,Y,PostgreSQL,같은 문항의 답변/수정 순번,허용 범위 밖의 값 저장,전체,ACTIVE,0.3.0,S15P11E102-84,정확한 SQL 표현은 Flyway 작성 시 승인
CHK_ONBOARDING_ANSWER_STT_CONFIDENCE,chk_onboarding_answer_stt_confidence,CHECK,onboarding_answer,stt_confidence,1,N/A,N/A,N/A,N/A,CHECK 0~1,N/A,Y,PostgreSQL,STT 결과 신뢰도,허용 범위 밖의 값 저장,전체,ACTIVE,0.3.0,S15P11E102-84,정확한 SQL 표현은 Flyway 작성 시 승인
CHK_ONBOARDING_ANSWER_TARGET_REFS,chk_onboarding_answer_target_refs,CHECK,onboarding_answer,target_refs,1,N/A,N/A,N/A,N/A,제한 JSON object CHECK,N/A,Y,PostgreSQL,반영한 APP_USER/MEMORY/CARE_RECORD ID와 필드명,허용 범위 밖의 값 저장,전체,ACTIVE,0.3.0,S15P11E102-84,정확한 SQL 표현은 Flyway 작성 시 승인
CHK_ONBOARDING_ANSWER_VERIFICATION_STATUS,chk_onboarding_answer_verification_status,CHECK,onboarding_answer,verification_status,1,N/A,N/A,N/A,N/A,CHECK 지정 값,N/A,Y,PostgreSQL,사용자·보호자·문서 확인 또는 거부,허용 범위 밖의 값 저장,전체,ACTIVE,0.3.0,S15P11E102-84,정확한 SQL 표현은 Flyway 작성 시 승인
CHK_ONBOARDING_SESSION_STATUS,chk_onboarding_session_status,CHECK,onboarding_session,status,1,N/A,N/A,N/A,N/A,"CHECK `IN_PROGRESS, COMPLETED, DECLINED, CANCELLED, EXPIRED",N/A,Y,PostgreSQL,세션 진행 원본 상태,허용 범위 밖의 값 저장,전체,ACTIVE,0.3.0,S15P11E102-84,정확한 SQL 표현은 Flyway 작성 시 승인
CHK_ONBOARDING_SESSION_VERSION,chk_onboarding_session_version,CHECK,onboarding_session,version,1,N/A,N/A,N/A,N/A,"CHECK `>=0`, JPA `@Version",N/A,Y,PostgreSQL,현재 문항과 상태의 동시 갱신 방지,허용 범위 밖의 값 저장,전체,ACTIVE,0.3.0,S15P11E102-84,정확한 SQL 표현은 Flyway 작성 시 승인
CHK_ROBOT_AMBIENT_HUMIDITY_PERCENT,chk_robot_ambient_humidity_percent,CHECK,robot,ambient_humidity_percent,1,N/A,N/A,N/A,N/A,CHECK `0~100,N/A,Y,PostgreSQL,최신 상대습도 스냅샷,허용 범위 밖의 값 저장,전체,ACTIVE,0.3.0,S15P11E102-84,정확한 SQL 표현은 Flyway 작성 시 승인
CHK_ROBOT_AMBIENT_TEMPERATURE_C,chk_robot_ambient_temperature_c,CHECK,robot,ambient_temperature_c,1,N/A,N/A,N/A,N/A,CHECK `-40~85,N/A,Y,PostgreSQL,최신 실내 온도 스냅샷,허용 범위 밖의 값 저장,전체,ACTIVE,0.3.0,S15P11E102-84,정확한 SQL 표현은 Flyway 작성 시 승인
CHK_ROBOT_BATTERY_LEVEL,chk_robot_battery_level,CHECK,robot,battery_level,1,N/A,N/A,N/A,N/A,CHECK 0~100,N/A,Y,PostgreSQL,최신 배터리 백분율,허용 범위 밖의 값 저장,전체,ACTIVE,0.3.0,S15P11E102-84,정확한 SQL 표현은 Flyway 작성 시 승인
CHK_ROBOT_CURRENT_MODE,chk_robot_current_mode,CHECK,robot,current_mode,1,N/A,N/A,N/A,N/A,"CHECK `IDLE, SCENARIO_ACTIVE, REST_GUARD, SAFE_STOP",N/A,Y,PostgreSQL,최신 업무 모드,허용 범위 밖의 값 저장,전체,ACTIVE,0.3.0,S15P11E102-84,정확한 SQL 표현은 Flyway 작성 시 승인
CHK_ROBOT_STATUS,chk_robot_status,CHECK,robot,status,1,N/A,N/A,N/A,N/A,"CHECK `REGISTERED, ACTIVE, MAINTENANCE, RETIRED",N/A,Y,PostgreSQL,장치 수명 상태,허용 범위 밖의 값 저장,전체,ACTIVE,0.3.0,S15P11E102-84,정확한 SQL 표현은 Flyway 작성 시 승인
CHK_SCENARIO_PERSON_COUNT,chk_scenario_person_count,CHECK,scenario,person_count,1,N/A,N/A,N/A,N/A,CHECK `>=0,N/A,Y,PostgreSQL,최종 프레임 묶음의 사람 수 판정,허용 범위 밖의 값 저장,전체,ACTIVE,0.3.0,S15P11E102-84,정확한 SQL 표현은 Flyway 작성 시 승인
CHK_SCENARIO_SCENARIO_TYPE,chk_scenario_scenario_type,CHECK,scenario,scenario_type,1,N/A,N/A,N/A,N/A,"CHECK `HOMECOMING, FALL_RESPONSE, MANUAL_INTERACTION",N/A,Y,PostgreSQL,시나리오 종류,허용 범위 밖의 값 저장,전체,ACTIVE,0.3.0,S15P11E102-84,정확한 SQL 표현은 Flyway 작성 시 승인
CHK_SCENARIO_SCHEMA_VERSION,chk_scenario_schema_version,CHECK,scenario,schema_version,1,N/A,N/A,N/A,N/A,CHECK `>0,N/A,Y,PostgreSQL,timeline 구조 버전,허용 범위 밖의 값 저장,전체,ACTIVE,0.3.0,S15P11E102-84,정확한 SQL 표현은 Flyway 작성 시 승인
CHK_SCENARIO_STATUS,chk_scenario_status,CHECK,scenario,status,1,N/A,N/A,N/A,N/A,유형별 CHECK/서비스 전이,N/A,Y,PostgreSQL,전체 업무 상태,허용 범위 밖의 값 저장,전체,ACTIVE,0.3.0,S15P11E102-84,정확한 SQL 표현은 Flyway 작성 시 승인
CHK_SCENARIO_TIMELINE,chk_scenario_timeline,CHECK,scenario,timeline,1,N/A,N/A,N/A,N/A,JSON object CHECK,N/A,Y,PostgreSQL,주요 단계만 담는 작은 타임라인,허용 범위 밖의 값 저장,전체,ACTIVE,0.3.0,S15P11E102-84,정확한 SQL 표현은 Flyway 작성 시 승인
CHK_SCENARIO_VERSION,chk_scenario_version,CHECK,scenario,version,1,N/A,N/A,N/A,N/A,"CHECK `>=0`, JPA `@Version",N/A,Y,PostgreSQL,낙관적 잠금 버전,허용 범위 밖의 값 저장,전체,ACTIVE,0.3.0,S15P11E102-84,정확한 SQL 표현은 Flyway 작성 시 승인
CHK_SCENARIO_VISION_CONFIDENCE,chk_scenario_vision_confidence,CHECK,scenario,vision_confidence,1,N/A,N/A,N/A,N/A,CHECK 0~1,N/A,Y,PostgreSQL,최종 업무 판정 신뢰도,허용 범위 밖의 값 저장,전체,ACTIVE,0.3.0,S15P11E102-84,정확한 SQL 표현은 Flyway 작성 시 승인
CHK_SCENARIO_VISION_LATENCY_MS,chk_scenario_vision_latency_ms,CHECK,scenario,vision_latency_ms,1,N/A,N/A,N/A,N/A,CHECK `>=0,N/A,Y,PostgreSQL,처리 지연,허용 범위 밖의 값 저장,전체,ACTIVE,0.3.0,S15P11E102-84,정확한 SQL 표현은 Flyway 작성 시 승인
CONSTRAINT_UQ_APP_USER_ACTIVE_GUARDIAN_EMAIL,uq_app_user_active_guardian_email,UNIQUE,app_user,`lower(email)`,1:`loweremail`,N/A,N/A,N/A,N/A,UNIQUE `lower(email)`,`user_type='GUARDIAN' AND status='ACTIVE',Y,PostgreSQL,활성 보호자 로그인 이메일 중복 방지,중복 업무 객체 또는 멱등 부수효과 발생,전체,ACTIVE,0.3.0,S15P11E102-84,동일 객체가 인덱스정의 시트에도 물리 구현으로 존재
CONSTRAINT_UQ_CARE_RECORD_AI_REQUEST,uq_care_record_ai_request,UNIQUE,care_record,`(ai_request_id)`,1:`ai_request_id`,N/A,N/A,N/A,N/A,UNIQUE `(ai_request_id)`,NOT NULL,Y,PostgreSQL,인지/관찰 AI 결과 중복 적용 방지,중복 업무 객체 또는 멱등 부수효과 발생,전체,ACTIVE,0.3.0,S15P11E102-84,동일 객체가 인덱스정의 시트에도 물리 구현으로 존재
CONSTRAINT_UQ_CARE_RECORD_EXTERNAL_EVENT,uq_care_record_external_event,UNIQUE,care_record,`(external_event_id)`,1:`external_event_id`,N/A,N/A,N/A,N/A,UNIQUE `(external_event_id)`,NOT NULL,Y,PostgreSQL,오프라인 복약·안전·휴식·환경 결과 중복 방지,중복 업무 객체 또는 멱등 부수효과 발생,전체,ACTIVE,0.3.0,S15P11E102-84,동일 객체가 인덱스정의 시트에도 물리 구현으로 존재
CONSTRAINT_UQ_CARE_RECORD_NOTIFICATION_RECIPIENT,uq_care_record_notification_recipient,UNIQUE,care_record,"`(parent_record_id, recipient_guardian_id, record_type)`",1:`parent_record_id; 2:recipient_guardian_id; 3:record_type`,N/A,N/A,N/A,N/A,"UNIQUE `(parent_record_id, recipient_guardian_id, record_type)`",`record_type='GUARDIAN_NOTIFICATION',Y,PostgreSQL,같은 사고/알림의 보호자별 중복 행 방지,중복 업무 객체 또는 멱등 부수효과 발생,전체,ACTIVE,0.3.0,S15P11E102-84,동일 객체가 인덱스정의 시트에도 물리 구현으로 존재
CONSTRAINT_UQ_CARE_RELATIONSHIP_ACTIVE_PRIMARY,uq_care_relationship_active_primary,UNIQUE,care_relationship,`(senior_id)`,1:`senior_id`,N/A,N/A,N/A,N/A,UNIQUE `(senior_id)`,`status='ACTIVE' AND priority='PRIMARY',Y,PostgreSQL,어르신별 활성 PRIMARY 1명,중복 업무 객체 또는 멱등 부수효과 발생,전체,ACTIVE,0.3.0,S15P11E102-84,동일 객체가 인덱스정의 시트에도 물리 구현으로 존재
CONSTRAINT_UQ_CARE_RELATIONSHIP_PAIR,uq_care_relationship_pair,UNIQUE,care_relationship,"`(senior_id, guardian_id)",1:`senior_id; 2:guardian_id,N/A,N/A,N/A,N/A,"UNIQUE `(senior_id, guardian_id)",N/A,Y,PostgreSQL,동일 관계 중복 방지,중복 업무 객체 또는 멱등 부수효과 발생,전체,ACTIVE,0.3.0,S15P11E102-84,동일 객체가 인덱스정의 시트에도 물리 구현으로 존재
CONSTRAINT_UQ_CONVERSATION_SCENARIO,uq_conversation_scenario,UNIQUE,conversation,`(scenario_id)`,1:`scenario_id`,N/A,N/A,N/A,N/A,UNIQUE `(scenario_id)`,NOT NULL,Y,PostgreSQL,MVP 시나리오당 대화 세션 한 개,중복 업무 객체 또는 멱등 부수효과 발생,전체,ACTIVE,0.3.0,S15P11E102-84,동일 객체가 인덱스정의 시트에도 물리 구현으로 존재
CONSTRAINT_UQ_MEMORY_EMBEDDING_REQUEST,uq_memory_embedding_request,UNIQUE,memory,`(embedding_request_id)`,1:`embedding_request_id`,N/A,N/A,N/A,N/A,UNIQUE `(embedding_request_id)`,NOT NULL,Y,PostgreSQL,임베딩 중복 생성 결과 방지,중복 업무 객체 또는 멱등 부수효과 발생,전체,ACTIVE,0.3.0,S15P11E102-84,동일 객체가 인덱스정의 시트에도 물리 구현으로 존재
CONSTRAINT_UQ_ONBOARDING_ANSWER_CLIENT_EVENT,uq_onboarding_answer_client_event,UNIQUE,onboarding_answer,`(client_event_id),1:`client_event_id,N/A,N/A,N/A,N/A,UNIQUE `(client_event_id),N/A,Y,PostgreSQL,같은 로봇 답변 QoS 1 재전송 중복 저장 방지,중복 업무 객체 또는 멱등 부수효과 발생,전체,ACTIVE,0.3.0,S15P11E102-84,동일 객체가 인덱스정의 시트에도 물리 구현으로 존재
CONSTRAINT_UQ_ONBOARDING_ANSWER_MATERIALIZATION,uq_onboarding_answer_materialization,UNIQUE,onboarding_answer,`(materialization_key)`,1:`materialization_key`,N/A,N/A,N/A,N/A,UNIQUE `(materialization_key)`,NOT NULL,Y,PostgreSQL,최종 도메인 반영 부수 효과 중복 방지,중복 업무 객체 또는 멱등 부수효과 발생,전체,ACTIVE,0.3.0,S15P11E102-84,동일 객체가 인덱스정의 시트에도 물리 구현으로 존재
CONSTRAINT_UQ_ONBOARDING_ANSWER_REVISION,uq_onboarding_answer_revision,UNIQUE,onboarding_answer,"`(session_id, question_code, revision)",1:`session_id; 2:question_code; 3:revision,N/A,N/A,N/A,N/A,"UNIQUE `(session_id, question_code, revision)",N/A,Y,PostgreSQL,문항별 수정 revision 중복 방지,중복 업무 객체 또는 멱등 부수효과 발생,전체,ACTIVE,0.3.0,S15P11E102-84,동일 객체가 인덱스정의 시트에도 물리 구현으로 존재
CONSTRAINT_UQ_ONBOARDING_SESSION_SENIOR_IN_PROGRESS,uq_onboarding_session_senior_in_progress,UNIQUE,onboarding_session,`(senior_id)`,1:`senior_id`,N/A,N/A,N/A,N/A,UNIQUE `(senior_id)`,`status='IN_PROGRESS',Y,PostgreSQL,어르신별 동시 진행 온보딩 세션 1개,중복 업무 객체 또는 멱등 부수효과 발생,전체,ACTIVE,0.3.0,S15P11E102-84,동일 객체가 인덱스정의 시트에도 물리 구현으로 존재
CONSTRAINT_UQ_ROBOT_ACTIVE_SENIOR,uq_robot_active_senior,UNIQUE,robot,`(senior_id)`,1:`senior_id`,N/A,N/A,N/A,N/A,UNIQUE `(senior_id)`,`is_active AND senior_id IS NOT NULL,Y,PostgreSQL,어르신별 활성 로봇 1대 및 활성 로봇 조회,중복 업무 객체 또는 멱등 부수효과 발생,전체,ACTIVE,0.3.0,S15P11E102-84,동일 객체가 인덱스정의 시트에도 물리 구현으로 존재
CONSTRAINT_UQ_ROBOT_SERIAL_NUMBER,uq_robot_serial_number,UNIQUE,robot,`(serial_number),1:`serial_number,N/A,N/A,N/A,N/A,UNIQUE `(serial_number),N/A,Y,PostgreSQL,장치 중복 등록 방지,중복 업무 객체 또는 멱등 부수효과 발생,전체,ACTIVE,0.3.0,S15P11E102-84,동일 객체가 인덱스정의 시트에도 물리 구현으로 존재
CONSTRAINT_UQ_SCENARIO_EXTERNAL_EVENT,uq_scenario_external_event,UNIQUE,scenario,`(external_event_id),1:`external_event_id,N/A,N/A,N/A,N/A,UNIQUE `(external_event_id),N/A,Y,PostgreSQL,오프라인 이벤트 재전송 멱등 처리,중복 업무 객체 또는 멱등 부수효과 발생,전체,ACTIVE,0.3.0,S15P11E102-84,동일 객체가 인덱스정의 시트에도 물리 구현으로 존재
CONSTRAINT_UQ_SCENARIO_NAVIGATION_COMMAND,uq_scenario_navigation_command,UNIQUE,scenario,`(navigation_command_id)`,1:`navigation_command_id`,N/A,N/A,N/A,N/A,UNIQUE `(navigation_command_id)`,NOT NULL,Y,PostgreSQL,같은 현관 이동 명령 결과 중복 적용 방지,중복 업무 객체 또는 멱등 부수효과 발생,전체,ACTIVE,0.3.0,S15P11E102-84,동일 객체가 인덱스정의 시트에도 물리 구현으로 존재
CONSTRAINT_UQ_SCENARIO_RETURN_COMMAND,uq_scenario_return_command,UNIQUE,scenario,`(return_command_id)`,1:`return_command_id`,N/A,N/A,N/A,N/A,UNIQUE `(return_command_id)`,NOT NULL,Y,PostgreSQL,같은 복귀 명령 결과 중복 적용 방지,중복 업무 객체 또는 멱등 부수효과 발생,전체,ACTIVE,0.3.0,S15P11E102-84,동일 객체가 인덱스정의 시트에도 물리 구현으로 존재
CONSTRAINT_UQ_SCENARIO_VISION_REQUEST,uq_scenario_vision_request,UNIQUE,scenario,`(vision_request_id)`,1:`vision_request_id`,N/A,N/A,N/A,N/A,UNIQUE `(vision_request_id)`,NOT NULL,Y,PostgreSQL,Vision 최종 결과 최초 한 번 적용,중복 업무 객체 또는 멱등 부수효과 발생,전체,ACTIVE,0.3.0,S15P11E102-84,동일 객체가 인덱스정의 시트에도 물리 구현으로 존재
FK_AUDIT_LOG_ACTOR_USER_ID,fk_audit_log_actor_user_id,FK,audit_log,actor_user_id,1,app_user,id,SET NULL,NO ACTION,actor_user_id 참조 무결성,N/A,Y,PostgreSQL,행위자; SYSTEM/ROBOT이면 NULL,고아 참조 또는 잘못된 업무 연결,전체,ACTIVE,0.3.0,S15P11E102-84,FK action은 개인정보·안전 보존 정책 확정 후 Flyway에 반영
FK_CARE_RECORD_CREATED_BY_USER_ID,fk_care_record_created_by_user_id,FK,care_record,created_by_user_id,1,app_user,id,SET NULL,NO ACTION,created_by_user_id 참조 무결성,N/A,Y,PostgreSQL,사람 생성자; 시스템/로봇이면 NULL,고아 참조 또는 잘못된 업무 연결,전체,ACTIVE,0.3.0,S15P11E102-84,FK action은 개인정보·안전 보존 정책 확정 후 Flyway에 반영
FK_CARE_RECORD_PARENT_RECORD_ID,fk_care_record_parent_record_id,FK,care_record,parent_record_id,1,care_record,id,RESTRICT,NO ACTION,parent_record_id 참조 무결성,N/A,Y,PostgreSQL,계획→알림→실행/알림 전달 연결,고아 참조 또는 잘못된 업무 연결,전체,ACTIVE,0.3.0,S15P11E102-84,FK action은 개인정보·안전 보존 정책 확정 후 Flyway에 반영
FK_CARE_RECORD_RECIPIENT_GUARDIAN_ID,fk_care_record_recipient_guardian_id,FK,care_record,recipient_guardian_id,1,app_user,id,SET NULL,NO ACTION,recipient_guardian_id 참조 무결성,N/A,Y,PostgreSQL,알림 실제 수신 보호자,고아 참조 또는 잘못된 업무 연결,전체,ACTIVE,0.3.0,S15P11E102-84,FK action은 개인정보·안전 보존 정책 확정 후 Flyway에 반영
FK_CARE_RECORD_SCENARIO_ID,fk_care_record_scenario_id,FK,care_record,scenario_id,1,scenario,id,SET NULL,NO ACTION,scenario_id 참조 무결성,N/A,Y,PostgreSQL,낙상 등 원인 시나리오,고아 참조 또는 잘못된 업무 연결,전체,ACTIVE,0.3.0,S15P11E102-84,FK action은 개인정보·안전 보존 정책 확정 후 Flyway에 반영
FK_CARE_RECORD_SENIOR_ID,fk_care_record_senior_id,FK,care_record,senior_id,1,app_user,id,RESTRICT,NO ACTION,senior_id 참조 무결성,N/A,Y,PostgreSQL,대상 어르신,고아 참조 또는 잘못된 업무 연결,전체,ACTIVE,0.3.0,S15P11E102-84,FK action은 개인정보·안전 보존 정책 확정 후 Flyway에 반영
FK_CARE_RECORD_SOURCE_CONVERSATION_ID,fk_care_record_source_conversation_id,FK,care_record,source_conversation_id,1,conversation,id,SET NULL,NO ACTION,source_conversation_id 참조 무결성,N/A,Y,PostgreSQL,대화에서 추출한 건강·복약·일정 후보의 출처 세션,고아 참조 또는 잘못된 업무 연결,전체,ACTIVE,0.3.0,S15P11E102-84,FK action은 개인정보·안전 보존 정책 확정 후 Flyway에 반영
FK_CARE_RELATIONSHIP_GUARDIAN_ID,fk_care_relationship_guardian_id,FK,care_relationship,guardian_id,1,app_user,id,RESTRICT,NO ACTION,guardian_id 참조 무결성,N/A,Y,PostgreSQL,로그인 보호자,고아 참조 또는 잘못된 업무 연결,전체,ACTIVE,0.3.0,S15P11E102-84,FK action은 개인정보·안전 보존 정책 확정 후 Flyway에 반영
FK_CARE_RELATIONSHIP_SENIOR_ID,fk_care_relationship_senior_id,FK,care_relationship,senior_id,1,app_user,id,RESTRICT,NO ACTION,senior_id 참조 무결성,N/A,Y,PostgreSQL,보호 대상 어르신,고아 참조 또는 잘못된 업무 연결,전체,ACTIVE,0.3.0,S15P11E102-84,FK action은 개인정보·안전 보존 정책 확정 후 Flyway에 반영
FK_CONVERSATION_SCENARIO_ID,fk_conversation_scenario_id,FK,conversation,scenario_id,1,scenario,id,SET NULL,NO ACTION,scenario_id 참조 무결성,N/A,Y,PostgreSQL,시작 시나리오; 능동 대화면 NULL 가능,고아 참조 또는 잘못된 업무 연결,전체,ACTIVE,0.3.0,S15P11E102-84,FK action은 개인정보·안전 보존 정책 확정 후 Flyway에 반영
FK_CONVERSATION_SENIOR_ID,fk_conversation_senior_id,FK,conversation,senior_id,1,app_user,id,RESTRICT,NO ACTION,senior_id 참조 무결성,N/A,Y,PostgreSQL,대화 당사자,고아 참조 또는 잘못된 업무 연결,전체,ACTIVE,0.3.0,S15P11E102-84,FK action은 개인정보·안전 보존 정책 확정 후 Flyway에 반영
FK_MEMORY_SENIOR_ID,fk_memory_senior_id,FK,memory,senior_id,1,app_user,id,RESTRICT,NO ACTION,senior_id 참조 무결성,N/A,Y,PostgreSQL,기억 소유 어르신,고아 참조 또는 잘못된 업무 연결,전체,ACTIVE,0.3.0,S15P11E102-84,FK action은 개인정보·안전 보존 정책 확정 후 Flyway에 반영
FK_MEMORY_SOURCE_CONVERSATION_ID,fk_memory_source_conversation_id,FK,memory,source_conversation_id,1,conversation,id,SET NULL,NO ACTION,source_conversation_id 참조 무결성,N/A,Y,PostgreSQL,출처 세션; 원문 제거 후에도 유지,고아 참조 또는 잘못된 업무 연결,전체,ACTIVE,0.3.0,S15P11E102-84,FK action은 개인정보·안전 보존 정책 확정 후 Flyway에 반영
FK_MEMORY_SUPERSEDED_BY_ID,fk_memory_superseded_by_id,FK,memory,superseded_by_id,1,memory,id,RESTRICT,NO ACTION,superseded_by_id 참조 무결성,N/A,Y,PostgreSQL,충돌 시 새 기억으로 대체,고아 참조 또는 잘못된 업무 연결,전체,ACTIVE,0.3.0,S15P11E102-84,FK action은 개인정보·안전 보존 정책 확정 후 Flyway에 반영
FK_ONBOARDING_ANSWER_SESSION_ID,fk_onboarding_answer_session_id,FK,onboarding_answer,session_id,1,onboarding_session,id,RESTRICT,NO ACTION,session_id 참조 무결성,N/A,Y,PostgreSQL,소속 온보딩 세션,고아 참조 또는 잘못된 업무 연결,전체,ACTIVE,0.3.0,S15P11E102-84,FK action은 개인정보·안전 보존 정책 확정 후 Flyway에 반영
FK_ONBOARDING_ANSWER_SOURCE_CONVERSATION_ID,fk_onboarding_answer_source_conversation_id,FK,onboarding_answer,source_conversation_id,1,conversation,id,SET NULL,NO ACTION,source_conversation_id 참조 무결성,N/A,Y,PostgreSQL,단기 대화 원문 출처 세션,고아 참조 또는 잘못된 업무 연결,전체,ACTIVE,0.3.0,S15P11E102-84,FK action은 개인정보·안전 보존 정책 확정 후 Flyway에 반영
FK_ONBOARDING_SESSION_ROBOT_ID,fk_onboarding_session_robot_id,FK,onboarding_session,robot_id,1,robot,id,RESTRICT,NO ACTION,robot_id 참조 무결성,N/A,Y,PostgreSQL,세션을 시작하고 계속 진행하는 현재 배정 로봇,고아 참조 또는 잘못된 업무 연결,전체,ACTIVE,0.3.0,S15P11E102-84,FK action은 개인정보·안전 보존 정책 확정 후 Flyway에 반영
FK_ONBOARDING_SESSION_SENIOR_ID,fk_onboarding_session_senior_id,FK,onboarding_session,senior_id,1,app_user,id,RESTRICT,NO ACTION,senior_id 참조 무결성,N/A,Y,PostgreSQL,대상 어르신,고아 참조 또는 잘못된 업무 연결,전체,ACTIVE,0.3.0,S15P11E102-84,FK action은 개인정보·안전 보존 정책 확정 후 Flyway에 반영
FK_ROBOT_SENIOR_ID,fk_robot_senior_id,FK,robot,senior_id,1,app_user,id,SET NULL,NO ACTION,senior_id 참조 무결성,N/A,Y,PostgreSQL,현재 배정 어르신,고아 참조 또는 잘못된 업무 연결,전체,ACTIVE,0.3.0,S15P11E102-84,FK action은 개인정보·안전 보존 정책 확정 후 Flyway에 반영
FK_SCENARIO_ROBOT_ID,fk_scenario_robot_id,FK,scenario,robot_id,1,robot,id,RESTRICT,NO ACTION,robot_id 참조 무결성,N/A,Y,PostgreSQL,수행 로봇,고아 참조 또는 잘못된 업무 연결,전체,ACTIVE,0.3.0,S15P11E102-84,FK action은 개인정보·안전 보존 정책 확정 후 Flyway에 반영
FK_SCENARIO_SENIOR_ID,fk_scenario_senior_id,FK,scenario,senior_id,1,app_user,id,RESTRICT,NO ACTION,senior_id 참조 무결성,N/A,Y,PostgreSQL,대상 어르신,고아 참조 또는 잘못된 업무 연결,전체,ACTIVE,0.3.0,S15P11E102-84,FK action은 개인정보·안전 보존 정책 확정 후 Flyway에 반영
PK_APP_USER,pk_app_user,PK,app_user,id,1,N/A,N/A,N/A,N/A,PRIMARY KEY,N/A,Y,PostgreSQL,사용자 내부 식별자,행을 안정적으로 식별할 수 없음,전체,ACTIVE,0.3.0,S15P11E102-84,원본 데이터 사전
PK_AUDIT_LOG,pk_audit_log,PK,audit_log,id,1,N/A,N/A,N/A,N/A,PRIMARY KEY,N/A,Y,PostgreSQL,감사 로그 내부 식별자,행을 안정적으로 식별할 수 없음,전체,ACTIVE,0.3.0,S15P11E102-84,원본 데이터 사전
PK_CARE_RECORD,pk_care_record,PK,care_record,id,1,N/A,N/A,N/A,N/A,PRIMARY KEY,N/A,Y,PostgreSQL,돌봄 기록 내부 식별자,행을 안정적으로 식별할 수 없음,전체,ACTIVE,0.3.0,S15P11E102-84,원본 데이터 사전
PK_CARE_RELATIONSHIP,pk_care_relationship,PK,care_relationship,id,1,N/A,N/A,N/A,N/A,PRIMARY KEY,N/A,Y,PostgreSQL,돌봄 관계 내부 식별자,행을 안정적으로 식별할 수 없음,전체,ACTIVE,0.3.0,S15P11E102-84,원본 데이터 사전
PK_CONVERSATION,pk_conversation,PK,conversation,id,1,N/A,N/A,N/A,N/A,PRIMARY KEY,N/A,Y,PostgreSQL,대화 내부 식별자,행을 안정적으로 식별할 수 없음,전체,ACTIVE,0.3.0,S15P11E102-84,원본 데이터 사전
PK_MEMORY,pk_memory,PK,memory,id,1,N/A,N/A,N/A,N/A,PRIMARY KEY,N/A,Y,PostgreSQL,기억 내부 식별자,행을 안정적으로 식별할 수 없음,전체,ACTIVE,0.3.0,S15P11E102-84,원본 데이터 사전
PK_ONBOARDING_ANSWER,pk_onboarding_answer,PK,onboarding_answer,id,1,N/A,N/A,N/A,N/A,PRIMARY KEY,N/A,Y,PostgreSQL,온보딩 답변 내부 식별자,행을 안정적으로 식별할 수 없음,전체,ACTIVE,0.3.0,S15P11E102-84,원본 데이터 사전
PK_ONBOARDING_SESSION,pk_onboarding_session,PK,onboarding_session,id,1,N/A,N/A,N/A,N/A,PRIMARY KEY,N/A,Y,PostgreSQL,온보딩 세션 내부 식별자,행을 안정적으로 식별할 수 없음,전체,ACTIVE,0.3.0,S15P11E102-84,원본 데이터 사전
PK_ROBOT,pk_robot,PK,robot,id,1,N/A,N/A,N/A,N/A,PRIMARY KEY,N/A,Y,PostgreSQL,로봇 내부 식별자,행을 안정적으로 식별할 수 없음,전체,ACTIVE,0.3.0,S15P11E102-84,원본 데이터 사전
PK_SCENARIO,pk_scenario,PK,scenario,id,1,N/A,N/A,N/A,N/A,PRIMARY KEY,N/A,Y,PostgreSQL,시나리오 내부 식별자,행을 안정적으로 식별할 수 없음,전체,ACTIVE,0.3.0,S15P11E102-84,원본 데이터 사전
RULE_AMBIENT_LATEST_WINS,rule_ambient_latest_wins,SERVICE_RULE,robot,"ambient_temperature_c, ambient_humidity_percent, ambient_observed_at, ambient_sensor_code","1,2,3,4",N/A,N/A,N/A,N/A,온습도 값은 관측시각·센서 코드와 함께 저장하고 오래된 관측이 최신값을 덮어쓰지 못함,N/A,N,Spring 서비스,온습도 값은 관측시각·센서 코드와 함께 저장하고 오래된 관측이 최신값을 덮어쓰지 못함,"권한 누출, 중복 부수효과 또는 업무 정합성 훼손",귀가·대화·돌봄,ACTIVE,0.3.0,S15P11E102-84,mvp-erd.md K절 교차행 규칙
RULE_CARE_EVENT_IDEMPOTENCY,rule_care_event_idempotency,SERVICE_RULE,care_record,external_event_id,1,N/A,N/A,N/A,N/A,동일 오프라인 돌봄 결과를 한 번만 반영,N/A,N,Spring 서비스,동일 오프라인 돌봄 결과를 한 번만 반영,"권한 누출, 중복 부수효과 또는 업무 정합성 훼손",귀가·대화·돌봄,ACTIVE,0.3.0,S15P11E102-84,mvp-erd.md K절 교차행 규칙
RULE_CARE_NO_SELF_PARENT,rule_care_no_self_parent,SERVICE_RULE,care_record,"id, parent_record_id","1,2",N/A,N/A,N/A,N/A,돌봄 기록은 자기 자신을 부모로 참조할 수 없음,N/A,N,Spring 서비스,돌봄 기록은 자기 자신을 부모로 참조할 수 없음,"권한 누출, 중복 부수효과 또는 업무 정합성 훼손",귀가·대화·돌봄,ACTIVE,0.3.0,S15P11E102-84,mvp-erd.md K절 교차행 규칙
RULE_CARE_PARENT_MATCH,rule_care_parent_match,SERVICE_RULE,care_record,"senior_id, parent_record_id, record_type","1,2,3",N/A,N/A,N/A,N/A,부모·자식 어르신 일치와 허용 record_type 연결,N/A,N,Spring 서비스,부모·자식 어르신 일치와 허용 record_type 연결,"권한 누출, 중복 부수효과 또는 업무 정합성 훼손",귀가·대화·돌봄,ACTIVE,0.3.0,S15P11E102-84,mvp-erd.md K절 교차행 규칙
RULE_CARE_SCENARIO_MATCH,rule_care_scenario_match,SERVICE_RULE,care_record,"senior_id, scenario_id","1,2",N/A,N/A,N/A,N/A,돌봄 기록과 시나리오의 대상 어르신 일치,N/A,N,Spring 서비스,돌봄 기록과 시나리오의 대상 어르신 일치,"권한 누출, 중복 부수효과 또는 업무 정합성 훼손",귀가·대화·돌봄,ACTIVE,0.3.0,S15P11E102-84,mvp-erd.md K절 교차행 규칙
RULE_CARE_SOURCE_MATCH,rule_care_source_match,SERVICE_RULE,care_record,"senior_id, source_conversation_id, source_message_id","1,2,3",N/A,N/A,N/A,N/A,돌봄 후보와 출처 대화의 어르신 및 원문 보존 중 messageId 일치,N/A,N,Spring 서비스,돌봄 후보와 출처 대화의 어르신 및 원문 보존 중 messageId 일치,"권한 누출, 중복 부수효과 또는 업무 정합성 훼손",귀가·대화·돌봄,ACTIVE,0.3.0,S15P11E102-84,mvp-erd.md K절 교차행 규칙
RULE_CONSENT_GATE,rule_consent_gate,SERVICE_RULE,care_record,"senior_id, record_type, source_conversation_id, source_message_id","1,2,3,4",N/A,N/A,N/A,N/A,건강·일정·공유 저장 전에 app_user 동의와 관계 권한을 재검증,N/A,N,Spring 서비스,건강·일정·공유 저장 전에 app_user 동의와 관계 권한을 재검증,"권한 누출, 중복 부수효과 또는 업무 정합성 훼손",귀가·대화·돌봄,ACTIVE,0.3.0,S15P11E102-84,mvp-erd.md K절 교차행 규칙
RULE_CONVERSATION_SENIOR_MATCH,rule_conversation_senior_match,SERVICE_RULE,conversation,"senior_id, scenario_id","1,2",N/A,N/A,N/A,N/A,대화와 시나리오의 대상 어르신 일치,N/A,N,Spring 서비스,대화와 시나리오의 대상 어르신 일치,"권한 누출, 중복 부수효과 또는 업무 정합성 훼손",귀가·대화·돌봄,ACTIVE,0.3.0,S15P11E102-84,mvp-erd.md K절 교차행 규칙
RULE_EVENT_IDEMPOTENCY,rule_event_idempotency,SERVICE_RULE,scenario,external_event_id,1,N/A,N/A,N/A,N/A,동일 eventId의 최종 업무 부수효과는 한 번만 적용,N/A,N,Spring 서비스,동일 eventId의 최종 업무 부수효과는 한 번만 적용,"권한 누출, 중복 부수효과 또는 업무 정합성 훼손",귀가·대화·돌봄,ACTIVE,0.3.0,S15P11E102-84,mvp-erd.md K절 교차행 규칙
RULE_MEMORY_DELETE_TOMBSTONE,rule_memory_delete_tombstone,SERVICE_RULE,memory,"lifecycle_status, content, embedding, purged_at","1,2,3,4",N/A,N/A,N/A,N/A,DELETED 상태는 본문·임베딩 제거와 purged_at 기록을 동반,N/A,N,Spring 서비스,DELETED 상태는 본문·임베딩 제거와 purged_at 기록을 동반,"권한 누출, 중복 부수효과 또는 업무 정합성 훼손",귀가·대화·돌봄,ACTIVE,0.3.0,S15P11E102-84,mvp-erd.md K절 교차행 규칙
RULE_MEMORY_NO_SELF_SUPERSEDE,rule_memory_no_self_supersede,SERVICE_RULE,memory,"id, superseded_by_id","1,2",N/A,N/A,N/A,N/A,기억은 자기 자신을 대체 대상으로 참조할 수 없음,N/A,N,Spring 서비스,기억은 자기 자신을 대체 대상으로 참조할 수 없음,"권한 누출, 중복 부수효과 또는 업무 정합성 훼손",귀가·대화·돌봄,ACTIVE,0.3.0,S15P11E102-84,mvp-erd.md K절 교차행 규칙
RULE_MEMORY_SOURCE_MATCH,rule_memory_source_match,SERVICE_RULE,memory,"senior_id, source_conversation_id, source_message_id","1,2,3",N/A,N/A,N/A,N/A,기억과 출처 대화의 어르신 및 원문 보존 중 messageId 일치,N/A,N,Spring 서비스,기억과 출처 대화의 어르신 및 원문 보존 중 messageId 일치,"권한 누출, 중복 부수효과 또는 업무 정합성 훼손",귀가·대화·돌봄,ACTIVE,0.3.0,S15P11E102-84,mvp-erd.md K절 교차행 규칙
RULE_NOTIFICATION_RELATION,rule_notification_relation,SERVICE_RULE,care_record,"senior_id, recipient_guardian_id","1,2",N/A,N/A,N/A,N/A,알림 생성 시 수신 보호자가 대상 어르신과 활성 관계,N/A,N,Spring 서비스,알림 생성 시 수신 보호자가 대상 어르신과 활성 관계,"권한 누출, 중복 부수효과 또는 업무 정합성 훼손",귀가·대화·돌봄,ACTIVE,0.3.0,S15P11E102-84,mvp-erd.md K절 교차행 규칙
RULE_ONBOARDING_ANSWER_SESSION,rule_onboarding_answer_session,SERVICE_RULE,onboarding_answer,"session_id, question_code","1,2",N/A,N/A,N/A,N/A,진행 중 세션과 해당 question set의 허용 문항만 답변을 캡처,N/A,N,Spring 서비스,진행 중 세션과 해당 question set의 허용 문항만 답변을 캡처,"권한 누출, 중복 부수효과 또는 업무 정합성 훼손",귀가·대화·돌봄,ACTIVE,0.3.0,S15P11E102-84,mvp-erd.md K절 교차행 규칙
RULE_ONBOARDING_COMPLETION,rule_onboarding_completion,SERVICE_RULE,app_user,"onboarding_status, onboarding_version, onboarding_completed_at","1,2,3",N/A,N/A,N/A,N/A,세션 원본의 현재 상태를 projection하고 COMPLETED는 질문 버전과 완료 시각을 동반,N/A,N,Spring 서비스,세션 원본의 현재 상태를 projection하고 COMPLETED는 질문 버전과 완료 시각을 동반,"권한 누출, 중복 부수효과 또는 업무 정합성 훼손",귀가·대화·돌봄,ACTIVE,0.3.0,S15P11E102-84,mvp-erd.md K절 교차행 규칙
RULE_ONBOARDING_EVENT_IDEMPOTENCY,rule_onboarding_event_idempotency,SERVICE_RULE,onboarding_answer,client_event_id,1,N/A,N/A,N/A,N/A,같은 로봇 답변 재전송은 기존 answer를 반환하고 추출을 다시 수행하지 않음,N/A,N,Spring 서비스,같은 로봇 답변 재전송은 기존 answer를 반환하고 추출을 다시 수행하지 않음,"권한 누출, 중복 부수효과 또는 업무 정합성 훼손",귀가·대화·돌봄,ACTIVE,0.3.0,S15P11E102-84,mvp-erd.md K절 교차행 규칙
RULE_ONBOARDING_MATERIALIZATION,rule_onboarding_materialization,SERVICE_RULE,onboarding_answer,"materialization_key, materialized_at, target_refs, processing_status","1,2,3,4",N/A,N/A,N/A,N/A,확인된 최종 테이블 반영과 제한 대상 참조를 한 트랜잭션에서 한 번만 기록,N/A,N,Spring 서비스,확인된 최종 테이블 반영과 제한 대상 참조를 한 트랜잭션에서 한 번만 기록,"권한 누출, 중복 부수효과 또는 업무 정합성 훼손",귀가·대화·돌봄,ACTIVE,0.3.0,S15P11E102-84,mvp-erd.md K절 교차행 규칙
RULE_ONBOARDING_PROJECTION,rule_onboarding_projection,SERVICE_RULE,onboarding_session,"senior_id, status, question_set_version, completed_at","1,2,3,4",N/A,N/A,N/A,N/A,세션 원본 전이와 app_user onboarding projection을 한 트랜잭션에서 갱신,N/A,N,Spring 서비스,세션 원본 전이와 app_user onboarding projection을 한 트랜잭션에서 갱신,"권한 누출, 중복 부수효과 또는 업무 정합성 훼손",귀가·대화·돌봄,ACTIVE,0.3.0,S15P11E102-84,mvp-erd.md K절 교차행 규칙
RULE_ONBOARDING_REVISION,rule_onboarding_revision,SERVICE_RULE,onboarding_answer,"session_id, question_code, revision","1,2,3",N/A,N/A,N/A,N/A,새 수정본은 이전 최신 revision보다 1 증가하고 과거 답변을 덮지 않음,N/A,N,Spring 서비스,새 수정본은 이전 최신 revision보다 1 증가하고 과거 답변을 덮지 않음,"권한 누출, 중복 부수효과 또는 업무 정합성 훼손",귀가·대화·돌봄,ACTIVE,0.3.0,S15P11E102-84,mvp-erd.md K절 교차행 규칙
RULE_ONBOARDING_SESSION_ACTIVE_ROBOT,rule_onboarding_session_active_robot,SERVICE_RULE,onboarding_session,"senior_id, robot_id","1,2",N/A,N/A,N/A,N/A,세션 시작 시 현재 활성 배정 로봇과 대상 어르신이 일치하고 세션 도중 로봇을 바꾸지 않음,N/A,N,Spring 서비스,세션 시작 시 현재 활성 배정 로봇과 대상 어르신이 일치하고 세션 도중 로봇을 바꾸지 않음,"권한 누출, 중복 부수효과 또는 업무 정합성 훼손",귀가·대화·돌봄,ACTIVE,0.3.0,S15P11E102-84,mvp-erd.md K절 교차행 규칙
RULE_ONBOARDING_SESSION_TERMINAL,rule_onboarding_session_terminal,SERVICE_RULE,onboarding_session,"status, completed_at, ended_at, version","1,2,3,4",N/A,N/A,N/A,N/A,종료 상태의 필수 시각을 검증하고 늦은 이벤트가 상태를 되돌리지 못함,N/A,N,Spring 서비스,종료 상태의 필수 시각을 검증하고 늦은 이벤트가 상태를 되돌리지 못함,"권한 누출, 중복 부수효과 또는 업무 정합성 훼손",귀가·대화·돌봄,ACTIVE,0.3.0,S15P11E102-84,mvp-erd.md K절 교차행 규칙
RULE_ONBOARDING_SOURCE_MATCH,rule_onboarding_source_match,SERVICE_RULE,onboarding_answer,"session_id, source_conversation_id, source_message_id","1,2,3",N/A,N/A,N/A,N/A,답변 세션과 출처 대화의 어르신 및 원문 보존 중 messageId가 일치,N/A,N,Spring 서비스,답변 세션과 출처 대화의 어르신 및 원문 보존 중 messageId가 일치,"권한 누출, 중복 부수효과 또는 업무 정합성 훼손",귀가·대화·돌봄,ACTIVE,0.3.0,S15P11E102-84,mvp-erd.md K절 교차행 규칙
RULE_ONBOARDING_STATUS_COMBINATION,rule_onboarding_status_combination,SERVICE_RULE,onboarding_answer,"processing_status, verification_status, confirmed_at","1,2,3",N/A,N/A,N/A,N/A,처리·검증 상태의 허용 조합과 확인 시각을 검증,N/A,N,Spring 서비스,처리·검증 상태의 허용 조합과 확인 시각을 검증,"권한 누출, 중복 부수효과 또는 업무 정합성 훼손",귀가·대화·돌봄,ACTIVE,0.3.0,S15P11E102-84,mvp-erd.md K절 교차행 규칙
RULE_PRIMARY_MANAGES_RELATIONSHIPS,rule_primary_manages_relationships,SERVICE_RULE,care_relationship,"priority, permissions, status","1,2,3",N/A,N/A,N/A,N/A,manageRelationships=true는 활성 PRIMARY에게만 허용,N/A,N,Spring 서비스,manageRelationships=true는 활성 PRIMARY에게만 허용,"권한 누출, 중복 부수효과 또는 업무 정합성 훼손",귀가·대화·돌봄,ACTIVE,0.3.0,S15P11E102-84,mvp-erd.md K절 교차행 규칙
RULE_RELATION_DISTINCT_USERS,rule_relation_distinct_users,SERVICE_RULE,care_relationship,"senior_id, guardian_id","1,2",N/A,N/A,N/A,N/A,어르신과 보호자는 같은 사용자일 수 없음,N/A,N,Spring 서비스,어르신과 보호자는 같은 사용자일 수 없음,"권한 누출, 중복 부수효과 또는 업무 정합성 훼손",귀가·대화·돌봄,ACTIVE,0.3.0,S15P11E102-84,mvp-erd.md K절 교차행 규칙
RULE_RELATION_USER_TYPES,rule_relation_user_types,SERVICE_RULE,care_relationship,"senior_id, guardian_id","1,2",N/A,N/A,N/A,N/A,"senior_id는 SENIOR, guardian_id는 GUARDIAN이어야 함",N/A,N,Spring 서비스,"senior_id는 SENIOR, guardian_id는 GUARDIAN이어야 함","권한 누출, 중복 부수효과 또는 업무 정합성 훼손",귀가·대화·돌봄,ACTIVE,0.3.0,S15P11E102-84,mvp-erd.md K절 교차행 규칙
RULE_REST_GUARD_ALLOWLIST,rule_rest_guard_allowlist,SERVICE_RULE,robot,current_mode,1,N/A,N/A,N/A,N/A,REST_GUARD 중 일반 능동 기능은 억제하고 호출·안전·긴급 기능만 허용,N/A,N,Spring 서비스,REST_GUARD 중 일반 능동 기능은 억제하고 호출·안전·긴급 기능만 허용,"권한 누출, 중복 부수효과 또는 업무 정합성 훼손",귀가·대화·돌봄,ACTIVE,0.3.0,S15P11E102-84,mvp-erd.md K절 교차행 규칙
RULE_ROBOT_ACTIVE_ASSIGNMENT,rule_robot_active_assignment,SERVICE_RULE,robot,"senior_id, is_active, assigned_at, unassigned_at","1,2,3,4",N/A,N/A,N/A,N/A,활성 배정의 필수 컬럼 조합과 사용자 유형을 검증,N/A,N,Spring 서비스,활성 배정의 필수 컬럼 조합과 사용자 유형을 검증,"권한 누출, 중복 부수효과 또는 업무 정합성 훼손",귀가·대화·돌봄,ACTIVE,0.3.0,S15P11E102-84,mvp-erd.md K절 교차행 규칙
RULE_SCENARIO_ROBOT_ASSIGNMENT,rule_scenario_robot_assignment,SERVICE_RULE,scenario,"senior_id, robot_id","1,2",N/A,N/A,N/A,N/A,시나리오 생성 시 로봇의 당시 활성 어르신 배정과 일치,N/A,N,Spring 서비스,시나리오 생성 시 로봇의 당시 활성 어르신 배정과 일치,"권한 누출, 중복 부수효과 또는 업무 정합성 훼손",귀가·대화·돌봄,ACTIVE,0.3.0,S15P11E102-84,mvp-erd.md K절 교차행 규칙
RULE_TERMINAL_STATE,rule_terminal_state,STATE_TRANSITION,scenario,"status, version","1,2",N/A,N/A,N/A,N/A,종료 상태는 늦은 MQTT·HTTP 결과로 되돌리지 않음,N/A,N,Spring 서비스,종료 상태는 늦은 MQTT·HTTP 결과로 되돌리지 않음,"권한 누출, 중복 부수효과 또는 업무 정합성 훼손",귀가·대화·돌봄,ACTIVE,0.3.0,S15P11E102-84,mvp-erd.md K절 교차행 규칙
RULE_TIME_ORDER,rule_time_order,SERVICE_RULE,scenario,"occurred_at, started_at, completed_at","1,2,3",N/A,N/A,N/A,N/A,완료 시각은 시작·발생 시각보다 빠를 수 없음,N/A,N,Spring 서비스,완료 시각은 시작·발생 시각보다 빠를 수 없음,"권한 누출, 중복 부수효과 또는 업무 정합성 훼손",귀가·대화·돌봄,ACTIVE,0.3.0,S15P11E102-84,mvp-erd.md K절 교차행 규칙
RULE_VISION_REQUEST_IDEMPOTENCY,rule_vision_request_idempotency,SERVICE_RULE,scenario,vision_request_id,1,N/A,N/A,N/A,N/A,하나의 Vision requestId에는 하나의 최종 결과만 적용,N/A,N,Spring 서비스,하나의 Vision requestId에는 하나의 최종 결과만 적용,"권한 누출, 중복 부수효과 또는 업무 정합성 훼손",귀가·대화·돌봄,ACTIVE,0.3.0,S15P11E102-84,mvp-erd.md K절 교차행 규칙
